{
	"pages": [
		{
            "path" : "pages/my/my",
            "style" : {
                "app-plus": {
					"titleNView": false
				},
				"navigationStyle":"custom",
                "disableScroll": true
            }
        },
		{
            "path" : "pages/car/car",
            "style" : {
                "navigationBarTitleText": "购物车",
                "enablePullDownRefresh": false
            }
        },
		{
			"path": "pages/index/index"
		},
		{
            "path" : "pages/goods/goods",
            "style" : {
                "navigationBarTitleText": "全部商品",
                "enablePullDownRefresh": false
            }
        },
        {
            "path" : "pages/goods-detail/goods-detail",
            "style" : {
                "navigationBarTitleText": "商品详情",
                "enablePullDownRefresh": false
            }
        },
		{
		    "path" : "pages/my-info/my-info",
		    "style" :  {
		        "navigationBarTitleText": "个人信息",
		        "enablePullDownRefresh": false
		    }
		},
		{
		    "path" : "pages/renew-courtesy/renew-courtesy",
		    "style" : {
		        "navigationBarTitleText": "换新礼遇",
		        "enablePullDownRefresh": false
		    }  
		},
		{
            "path" : "pages/renew-code/renew-code",
            "style" : {
                "navigationBarTitleText": "换新编码",
                "enablePullDownRefresh": false
            }
        },
		{
            "path" : "pages/product-info/product-info",
            "style" : {
                "navigationBarTitleText": "产品信息",
                "enablePullDownRefresh": false
            }
        },
        {
            "path" : "pages/renew-order/renew-order",
            "style" :  {
                "navigationBarTitleText": "提交订单",
                "enablePullDownRefresh": false
            }
        },
        {
            "path" : "pages/address/address",
            "style" : {
                "navigationBarTitleText": "地址管理",
                "enablePullDownRefresh": false
            }
        },
		{
		    "path" : "pages/add-edit-address/add-edit-address",
		    "style" :  {
		        "navigationBarTitleText": "新建收货地址",
		        "enablePullDownRefresh": false
		    }
		},
        {
            "path" : "pages/maintenance/maintenance",
            "style" : {
                "navigationBarTitleText": "维修保养",
                "enablePullDownRefresh": false
            } 
        },
        {
            "path" : "pages/maintenance-appointment/maintenance-appointment",
            "style" :   {
                "navigationBarTitleText": "维修预约",
                "enablePullDownRefresh": false
            }
        },
		{
		    "path" : "pages/order-confirm-status/order-confirm-status",
		    "style" : {
		        "navigationBarTitleText": "提交成功",
		        "enablePullDownRefresh": false
		    } 
		},
		{
            "path" : "pages/coupon/coupon",
            "style" : {
                "navigationBarTitleText": "我的优惠卷",
                "enablePullDownRefresh": false
            } 
        },
		{
            "path" : "pages/relevant-policies/relevant-policies",
            "style" :  {
                "navigationBarTitleText": "相关政策",
                "enablePullDownRefresh": false
            }
        },
		{
            "path" : "pages/after-sale-type/after-sale-type",
            "style" : {
                "navigationBarTitleText": "售后类型",
                "enablePullDownRefresh": false
            } 
        },
		{
            "path" : "pages/after-sale/after-sale",
            "style" : {
                "navigationBarTitleText": "退换 / 售后",
                "enablePullDownRefresh": false
            }
        },
		{
            "path" : "pages/after-sale-refund/after-sale-refund",
            "style" : {
                "navigationBarTitleText": "申请退款",
                "enablePullDownRefresh": false
            }
        },
        {
            "path" : "pages/after-sale-status/after-sale-status",
            "style" : {
                "navigationBarTitleText": "退款成功",
                "enablePullDownRefresh": false
            }
        },
		{
            "path" : "pages/my-evaluate/my-evaluate",
            "style" : {
                "navigationBarTitleText": "我的评价",
                "enablePullDownRefresh": false
            }
        },
		{
		    "path" : "pages/publish-evaluation/publish-evaluation",
		    "style" : {
		        "navigationBarTitleText": "发表评价",
		        "enablePullDownRefresh": false
		    }
		},
		{
			"path" : "pages/my-evaluate-status/my-evaluate-status",
		    "style" :  {
		        "navigationBarTitleText": "评价成功",
		        "enablePullDownRefresh": false
		    }
		},
		{
		    "path" : "pages/publish-evaluationz/publish-evaluationz",
		    "style" : {
		        "navigationBarTitleText": "发表追评",
		        "enablePullDownRefresh": false
		    }
		},
		{
		    "path" : "pages/my-order/my-order",
		    "style" : {
		        "navigationBarTitleText": "我的订单",
		        "enablePullDownRefresh": false
		    }
		},
		{
            "path" : "pages/order-confirm/order-confirm",
            "style" : {
                "navigationBarTitleText": "确认订单",
                "enablePullDownRefresh": false
            }
        },
		{
            "path" : "pages/adviser/adviser",
            "style" : {
                "navigationBarTitleText": "",
                "enablePullDownRefresh": false
            }
        }
    ],
	"tabBar": {
		"color" : "#2e2e2e",
		"selectedColor" : "#00332a",
		"borderStyle" : "black",
		"backgroundColor" : "#FFFFFF",
		"list" : [
			{
				"pagePath":"pages/goods/goods",
				"text": ""
				// "text":"全部商品",
				// "iconPath":"static/tabbar/goods.png",
				// "selectedIconPath":"static/tabbar/goods.png"
			},
			{
				"pagePath":"pages/car/car",
				"text": ""
				// "text":"购物车",
				// "iconPath":"static/tabbar/car.png",
				// "selectedIconPath":"static/tabbar/car.png"
			},
		    {
				"pagePath":"pages/index/index",
				"text": ""
				// "text":"首页",
				// "iconPath":"static/tabbar/home.png",
				// "selectedIconPath":"static/tabbar/home-active.png"
		    },
			{
				"pagePath":"pages/adviser/adviser",
				"text": ""
				// "text":"专属顾问",
				// "iconPath":"static/tabbar/adviser.png",
				// "selectedIconPath":"static/tabbar/adviser.png"
			},
			{
				"pagePath":"pages/my/my",
				"text": ""
				// "text":"我的",
				// "iconPath":"static/tabbar/my.png",
				// "selectedIconPath":"static/tabbar/my-active.png"
			}
			// {
			// 	"pagePath":"pages/goods/goods",
			// 	"text":"全部商品",
			// 	"iconPath":"static/tabbar/goods.png",
			// 	"selectedIconPath":"static/tabbar/goods.png"
			// },
			// {
			// 	"pagePath":"pages/car/car",
			// 	"text":"购物车",
			// 	"iconPath":"static/tabbar/car.png",
			// 	"selectedIconPath":"static/tabbar/car.png"
			// },
		 //    {
			// 	"pagePath":"pages/index/index",
			// 	"text":"首页",
			// 	"iconPath":"static/tabbar/home.png",
			// 	"selectedIconPath":"static/tabbar/home-active.png"
		 //    },
			// {
			// 	"pagePath":"pages/adviser/adviser",
			// 	"text":"专属顾问",
			// 	"iconPath":"static/tabbar/adviser.png",
			// 	"selectedIconPath":"static/tabbar/adviser.png"
			// },
			// {
			// 	"pagePath":"pages/my/my",
			// 	"text":"我的",
			// 	"iconPath":"static/tabbar/my.png",
			// 	"selectedIconPath":"static/tabbar/my-active.png"
			// }
		]
	},
	"globalStyle": {
		"navigationBarTextStyle": "white",
		"navigationBarTitleText": "IFF",
		"navigationBarBackgroundColor": "#00332a",
		"backgroundColor": "#FFFFFF"
	}
}
