{
	"pages": [
		{
			"path": "pages/index/index",
            "style" : {
                "enablePullDownRefresh": false,
				"disableScroll": true
            }
		},
		{
            "path" : "pages/my/my",
            "style" : {
                "app-plus": {
					"titleNView": false
				},
				"navigationStyle":"custom",
                "enablePullDownRefresh": false,
				"disableScroll": true
            }
        },
		{
            "path" : "pages/invoice/invoice",
            "style" : {
                "navigationBarTitleText": "申请开票",
                "enablePullDownRefresh": false,
				"disableScroll": true
            } 
        },
        {
            "path" : "pages/address/address",
            "style" : {
                "navigationBarTitleText": "地址管理",
                "enablePullDownRefresh": false,
				"disableScroll": true
            }
        },
		{
		    "path" : "pages/add-edit-address/add-edit-address",
		    "style" :  {
		        "navigationBarTitleText": "新建收货地址",
                "enablePullDownRefresh": false,
				"disableScroll": true
		    }
		},
		{
            "path" : "pages/car/car",
            "style" : {
                "navigationBarTitleText": "购物车",
                "enablePullDownRefresh": false,
				"disableScroll": true
            }
        },
		{
            "path" : "pages/goods/goods",
            "style" : {
                "navigationBarTitleText": "全部商品",
                "enablePullDownRefresh": false,
				"disableScroll": true
            }
        },
        {
            "path" : "pages/goods-detail/goods-detail",
            "style" : {
                "navigationBarTitleText": "商品详情",
                "enablePullDownRefresh": false,
				"disableScroll": true
            }
        },
		{
		    "path" : "pages/my-info/my-info",
		    "style" :  {
		        "navigationBarTitleText": "个人信息",
                "enablePullDownRefresh": false,
				"disableScroll": true
		    }
		},
		{
            "path" : "pages/renew-code/renew-code",
            "style" : {
                "navigationBarTitleText": "换新礼遇",
                "enablePullDownRefresh": false,
				"disableScroll": true
            }
        },
		{
            "path" : "pages/renew-list/renew-list",
            "style" : {
                "navigationBarTitleText": "换新产品",
                "enablePullDownRefresh": false,
				"disableScroll": true
            }
        },
        {
            "path" : "pages/renew-order/renew-order",
            "style" :  {
                "navigationBarTitleText": "提交订单",
                "enablePullDownRefresh": false,
				"disableScroll": true
            }
        },
		{
            "path" : "pages/renew-back/renew-back",
            "style" : {
                "navigationBarTitleText": "寄回",
                "enablePullDownRefresh": false,
				"disableScroll": true
            }
        },
        {
            "path" : "pages/maintenance/maintenance",
            "style" : {
                "navigationBarTitleText": "维修保养",
                "enablePullDownRefresh": false,
				"disableScroll": true
            } 
        },
        {
            "path" : "pages/maintenance-appointment/maintenance-appointment",
            "style" :   {
                "navigationBarTitleText": "维修预约",
                "enablePullDownRefresh": false,
				"disableScroll": true
            }
        },
		{
		    "path" : "pages/order-confirm-status/order-confirm-status",
		    "style" : {
		        "navigationBarTitleText": "提交成功",
                "enablePullDownRefresh": false,
				"disableScroll": true
		    } 
		},
		{
            "path" : "pages/coupon/coupon",
            "style" : {
                "navigationBarTitleText": "我的优惠券",
                "enablePullDownRefresh": false,
				"disableScroll": true
            } 
        },
		{
            "path" : "pages/relevant-policies/relevant-policies",
            "style" :  {
                "navigationBarTitleText": "相关政策",
                "enablePullDownRefresh": false
            }
        },
		{
            "path" : "pages/after-sale-type/after-sale-type",
            "style" : {
                "navigationBarTitleText": "售后类型",
                "enablePullDownRefresh": false,
				"disableScroll": true
            } 
        },
		{
            "path" : "pages/after-sale/after-sale",
            "style" : {
                "navigationBarTitleText": "退换 / 售后",
                "enablePullDownRefresh": false,
				"disableScroll": true
            }
        },
		{
            "path" : "pages/after-sale-refund/after-sale-refund",
            "style" : {
                "navigationBarTitleText": "申请退款",
                "enablePullDownRefresh": false,
				"disableScroll": true
            }
        },
        {
            "path" : "pages/after-sale-return-refund/after-sale-return-refund",
            "style" : {
                "navigationBarTitleText": "退货退款",
                "enablePullDownRefresh": false,
				"disableScroll": true
            }
        },
        {
            "path" : "pages/after-sale-status/after-sale-status",
            "style" : {
                "navigationBarTitleText": "退款成功",
                "enablePullDownRefresh": false,
				"disableScroll": true
            }
        },
		{
            "path" : "pages/my-evaluate/my-evaluate",
            "style" : {
                "navigationBarTitleText": "我的评价",
                "enablePullDownRefresh": false,
				"disableScroll": true
            }
        },
		{
		    "path" : "pages/publish-evaluation/publish-evaluation",
		    "style" : {
		        "navigationBarTitleText": "发表评价",
                "enablePullDownRefresh": false,
				"disableScroll": true
		    }
		},
		{
			"path" : "pages/my-evaluate-status/my-evaluate-status",
		    "style" :  {
		        "navigationBarTitleText": "评价成功",
                "enablePullDownRefresh": false,
				"disableScroll": true
		    }
		},
		{
		    "path" : "pages/publish-evaluationz/publish-evaluationz",
		    "style" : {
		        "navigationBarTitleText": "发表追评",
                "enablePullDownRefresh": false,
				"disableScroll": true
		    }
		},
		{
		    "path" : "pages/my-order/my-order",
		    "style" : {
		        "navigationBarTitleText": "我的订单",
                "enablePullDownRefresh": false,
				"disableScroll": true
		    }
		},
		{
            "path" : "pages/order-confirm/order-confirm",
            "style" : {
                "navigationBarTitleText": "确认订单",
                "enablePullDownRefresh": false,
				"disableScroll": true
            }
        },
		{
            "path" : "pages/adviser/adviser",
            "style" : {
                "navigationBarTitleText": "",
                "enablePullDownRefresh": false,
				"disableScroll": true
            }
        },
		{
            "path" : "pages/page-editor/page-editor",
            "style" : {
                "navigationBarTitleText": "",
                "enablePullDownRefresh": false,
				"disableScroll": true
            }
        },
		{
            "path" : "pages/product/product",
            "style" : {
                "navigationBarTitleText": "商品",
                "enablePullDownRefresh": false,
				"disableScroll": true
            }
        },
		{
            "path" : "pages/order-detail/order-detail",
            "style" : {
                "navigationBarTitleText": "订单详情",
                "enablePullDownRefresh": false,
				"disableScroll": true
            }
        },
		{
            "path" : "pages/wuliu/wuliu",
            "style" : {
                "navigationBarTitleText": "物流信息",
                "enablePullDownRefresh": false,
				"disableScroll": true
            }
        },
		{
            "path" : "pages/renew-product/renew-product",
            "style" : {
                "navigationBarTitleText": "换新列表",
                "enablePullDownRefresh": false,
				"disableScroll": true
            }
        },
		{
            "path" : "pages/collect-list/collect-list",
            "style" : {
                "navigationBarTitleText": "收藏列表",
                "enablePullDownRefresh": false,
				"disableScroll": true
            } 
        },
		{
            "path" : "pages/renew-agree/renew-agree",
            "style" :  {
                "navigationBarTitleText": "以旧换新协议",
                "enablePullDownRefresh": false
            }
        },
		{
            "path" : "pages/nopay-status/nopay-status",
            "style" :  {
                "navigationBarTitleText": "订单未完成",
                "enablePullDownRefresh": false
            } 
        },
		{
            "path" : "pages/goods-series/goods-series",
            "style" : {
                "navigationBarTitleText": "系列",
                "enablePullDownRefresh": false,
				"disableScroll": true
            }
        }
    ],
	"tabBar": {
		"color" : "#2e2e2e",
		"selectedColor" : "#00332a",
		"borderStyle" : "black",
		"backgroundColor" : "#FFFFFF",
		"list" : [
			{
				"pagePath":"pages/goods/goods",
				"text": ""
				// "text":"全部商品",
				// "iconPath":"static/tabbar/goods.png",
				// "selectedIconPath":"static/tabbar/goods.png"
			},
			{
				"pagePath":"pages/car/car",
				"text": ""
				// "text":"购物车",
				// "iconPath":"static/tabbar/car.png",
				// "selectedIconPath":"static/tabbar/car.png"
			},
		    {
				"pagePath":"pages/index/index",
				"text": ""
				// "text":"首页",
				// "iconPath":"static/tabbar/home.png",
				// "selectedIconPath":"static/tabbar/home-active.png"
		    },
			{
				"pagePath":"pages/adviser/adviser",
				"text": ""
				// "text":"专属顾问",
				// "iconPath":"static/tabbar/adviser.png",
				// "selectedIconPath":"static/tabbar/adviser.png"
			},
			{
				"pagePath":"pages/my/my",
				"text": ""
				// "text":"我的",
				// "iconPath":"static/tabbar/my.png",
				// "selectedIconPath":"static/tabbar/my-active.png"
			}
		]
	},
	"globalStyle": {
		"navigationBarTextStyle": "white",
		"navigationBarTitleText": "IFF",
		"navigationBarBackgroundColor": "#00332a",
		"backgroundColor": "#FFFFFF"
	}
}
